{"nombre":"mauricio","apellido":"basar","email":"mauriciobasar@gmail.com","contrasena":"$2y$10$PY7Rb1.hzfbGIbawP\/JEPeW5jnsyD2jKMRIqJ8s6rnpt8GNB\/YIRq","foto":"5d85b83540670.jpg"}
{"nombre":"cristian","apellido":"basar","email":"cristianmauriciobasar@gmail.com","contrasena":"$2y$10$\/7s6dzZts08R75HhVaPyrO6r2QxW0ym4RIZKEL5NFdwhJ3snBt9Du","foto":"5d85d1d3a9f33.jpg"}
{"nombre":"luis","apellido":"basar","email":"luisbasar@gmail.com","contrasena":"$2y$10$3KKGvIgT2lv3CCYLhcyBb.uvTztRFx7bv4fLsf1R\/0efbCqtkFjJO","foto":"5d86e29f493cc.jpg"}
